nom,prenom,mail
tot,tot1,tot@gmail.fr
titi,titi1,titi@free.fr
tata,tata1,tata@gmail.com
zz,zz,zz
azerty,qsdfg,wxcv
albert,Dupont,al@gmail.fr
dadz,dazdaz,dazdza
dadz,dazdaz,dazdza
dadz,dazdaz,dazdza
dadz,dazdaz,dazdza
fefef,fefef,fefe
dfzfze,fzefzefze,fefzezefe
fefe,fefzee,fefze
zfzfez,feff,fzefezfe
dede,dedede,dedeede
